ФИО;Пол;Дата рождения;СНИЛС
Шелудков Ярослав Георгиевич;М;27.12.1988;827-438-899 85
Аколелых Станислав Олегович;М;16.08.1981;144-382-490 22
Кутенев Андрей Максимович;М;09.08.1998;266-029-784 92
Понсреров Альберт Алексеевич;М;01.12.1951;771-413-135 64
Верходубов Вадим Георгиевич;М;05.10.1970;445-281-354 11
Изаков Артём Сергеевич;М;10.02.1991;063-856-948 39
Иодиков Виталий Данилович;М;24.06.1982;217-854-936 98
Рафальский Леонид Николаевич;М;18.12.1959;083-175-041 57
Стефанцов Георгий Борисович;М;17.12.1987;134-856-690 73
Тямгин Аркадий Юриевич;М;29.09.1944;876-625-984 19
Сережичев Николай Валериевич;М;11.08.1971;479-654-645 80
Аковецкий Валерий Сергеевич;М;12.06.1964;340-973-128 34
Колобеев Яков Виталиевич;М;07.08.1987;291-761-546 50
Ильчишин Олег Адамович;М;09.05.1970;130-329-356 38
Дытченков Андрей Евгеньевич;М;31.01.1989;095-580-786 12
Дутин Станислав Валериевич;М;19.11.1980;510-702-260 33
Андрюхов Леонид Петрович;М;25.08.1968;115-158-010 18
Порубов Алексей Борисович;М;26.10.1960;731-238-875 95
Таровский Денис Иванович;М;11.02.1959;955-428-176 65
Чешев Вадим Сергеевич;М;04.12.1950;997-523-651 19
Ажнов Артур Фёдорович;М;17.06.1962;430-795-213 94
Свежинский Тарас Юриевич;М;28.12.1969;946-620-947 73
Лепуткин Антон Алексиевич;М;24.03.1954;365-932-919 95
Коикин Николай Юриевич;М;15.01.1971;079-238-796 41
Дожидаев Валентин Тимофеевич;М;17.07.1994;252-851-984 98
Лубов Артур Юриевич;М;24.10.1970;184-810-978 11
Ширшин Никита Евгеньевич;М;30.10.1999;432-594-570 36
Трачков Федор Алексеевич;М;09.04.1966;481-257-654 58
Леденцов Григорий Аркадиевич;М;07.03.1980;316-023-071 36
Гамов Аркадий Георгиевич;М;16.02.1991;483-102-100 57
Арцебашев Станислав Фёдорович;М;25.05.1976;617-786-425 63
Хантыгов Вадим Кириллович;М;20.05.2004;944-810-095 18
Башеров Альберт Георгиевич;М;26.03.1943;882-124-351 62
Разбитсков Иван Михаилович;М;15.11.1978;457-190-474 42
Митлев Анатолий Алексеевич;М;08.02.1977;348-086-794 19
Поландов Василий Иванович;М;23.07.1980;210-582-245 02
Цейтин Аркадий Павлович;М;07.08.1948;268-703-387 76
Рытенков Ярослав Кириллович;М;24.07.1970;351-664-423 98
Пешехонцев Виталий Вадимович;М;11.06.1977;166-483-642 34
Черехин Герасим Николаевич;М;17.09.1967;731-019-614 92
Свеженцев Василий Сергеевич;М;26.05.1953;248-651-270 88
Смыслов Борис Игоревич;М;30.01.1999;974-030-456 03
Голоднов Виталий Михаилович;М;11.08.1981;338-027-430 59
Братяков Артур Тимофеевич;М;14.09.1974;796-921-133 78
Парнюгин Николай Денисович;М;05.01.1999;113-058-895 12
Макалов Дмитрий Евгеньевич;М;19.01.1970;178-652-219 38
Ворысалов Евгений Георгиевич;М;18.04.1965;072-670-534 09
Енисеев Алексей Максимович;М;04.07.1963;173-663-820 01
Курутин Олег Данилович;М;02.04.1993;453-934-873 87
Гирголаев Иван Данилович;М;14.12.1948;547-689-103 15
Атапов Юрий Тимофеевич;М;12.12.1950;350-890-247 40
Тагибеков Эдуард Леонидович;М;21.04.1986;541-382-744 38
Кохонов Борис Юриевич;М;28.02.1966;273-896-512 36
Туровский Тарас Денисович;М;19.09.1984;226-003-781 98
Прялкин Константин Алексеевич;М;05.01.1948;820-772-168 58
Мижичин Роман Алексеевич;М;09.08.1967;472-911-030 11
Неклютин Андрей Виталиевич;М;07.06.2003;279-460-418 31
Криваскин Василий Евгеньевич;М;11.05.1944;165-308-676 87
Грибакин Руслан Иванович;М;16.10.1945;346-037-619 57
Костерин Юрий Евгеньевич;М;29.11.1950;852-550-540 63
Иванкин Артём Борисович;М;16.09.1964;282-037-233 71
Усадов Владислав Михаилович;М;23.08.1948;093-567-249 92
Тисков Андрей Адамович;М;09.10.1983;942-527-821 10
Загордиев Илья Викторович;М;25.11.1997;652-170-208 74
Абакумкин Алексей Юрьевич;М;10.11.2008;337-348-137 39
Енакоев Николай Фёдорович;М;16.06.1990;579-123-333 73
Лискин Артём Антонович;М;12.07.1966;803-956-318 57
Атрохин Максим Аркадиевич;М;19.01.2001;417-436-821 08
Индюков Георгий Николаевич;М;08.10.1960;302-624-206 62
Нивмыванов Иван Леонидович;М;10.08.1994;081-919-246 55
Надюков Герасим Виталиевич;М;07.04.1997;322-733-061 57
Молакаев Виталий Василиевич;М;09.08.1944;212-128-338 26
Деменцов Никита Михаилович;М;12.02.1944;032-127-566 47
Запевина Виолетта Федоровна;Ж;08.05.1968;275-329-736 78
Мизелева Валентина Дмитриевна;Ж;07.04.1970;660-885-412 07
Высоканова Алина Борисовна;Ж;15.09.1943;065-313-721 62
Брянцева Анастасия Дмитриевна;Ж;05.11.1995;038-901-400 17
Музипова Катерина Леонидовна;Ж;23.03.1987;632-134-282 88
Овешникова Александра Егоровна;Ж;23.05.1989;796-312-450 63
Жигорева Кристина Олеговна;Ж;21.02.1993;886-179-357 03
Нагарова Любовь Николаевна;Ж;04.01.2003;494-975-636 03
Минибаева Галина Федоровна;Ж;01.11.1966;430-577-250 93
Брызгалина Тамара Аркадьевна;Ж;05.11.1993;206-960-529 63
Талевнева Лиза Богдановна;Ж;28.05.1995;760-972-041 70
Сорвилина Клара Михайловна;Ж;24.07.1955;462-302-652 76
Сербинова Тамара Сергеевна;Ж;16.08.1990;156-671-249 63
Малматина Юлия Олеговна;Ж;04.12.1954;959-702-969 32
Тарантова Екатерина Викторовна;Ж;22.03.1976;322-792-005 70
Гуряшина Алёна Леонидовна;Ж;26.03.1964;777-148-185 69
Няжимова Вероника Валерьевна;Ж;27.06.1981;933-663-879 49
Кольтянина Елена Леонидовна;Ж;22.10.2008;931-109-971 46
Ибенеева Алёна Петровна;Ж;27.03.1978;048-479-463 84
Штернова Евгения Василевна;Ж;03.07.1962;562-160-363 83
Вьяскова Оксана Алексеевна;Ж;21.06.1973;124-797-129 81
Квадрина Полина Василевна;Ж;13.12.1984;806-659-351 35
Трензелева Кира Викторовна;Ж;21.05.2008;945-248-184 53
Помогина Лариса Петровна;Ж;02.03.1947;253-019-977 15
Браговская Ксения Алексеевна;Ж;16.02.1977;101-686-791 86
Шелковская Светлана Михайловна;Ж;18.03.1948;174-705-381 13
Отморская Алена Василевна;Ж;03.02.1974;972-555-782 82
Боюнова Мария Максимовна;Ж;11.08.1948;022-685-623 28
Орлихина Александра Николаевна;Ж;27.04.1949;236-042-141 23
Ажикина Галина Михайловна;Ж;12.06.1977;055-523-558 64
Радостева Катерина Сергеевна;Ж;17.09.1943;065-721-079 48
Изнанкина Кира Борисовна;Ж;04.10.1995;167-843-484 77
Белешова Лариса Аркадьевна;Ж;23.09.1961;435-371-243 79
Сумятова Ева Яковлевна;Ж;18.03.1994;834-556-886 38
Думчина Марина Кирилловна;Ж;12.01.1967;112-471-213 38
Аменчикова Светлана Василевна;Ж;24.06.1964;557-442-487 85
Гаймалова Вера Аркадьевна;Ж;23.06.1943;507-654-040 53
Личилина Лариса Вадимовна;Ж;08.04.1988;323-112-958 58
Гапокова Кристина Федоровна;Ж;09.09.1996;428-114-260 48
Дашухина Жанна Михайловна;Ж;14.12.1948;426-344-094 25
Грязева Алена Романовна;Ж;15.11.1957;415-666-292 57
Мавлудова Наталия Федоровна;Ж;02.03.2002;738-642-008 92
Галяина Алина Леонидовна;Ж;30.05.1944;725-754-218 33
Елепина Карина Эдуардовна;Ж;06.10.1945;005-300-018 27
Цоколова Маргарита Василевна;Ж;06.04.1965;532-920-173 85
Самагаева Алиса Никитична;Ж;04.08.1957;195-270-836 52
Ягулова Людмила Олеговна;Ж;29.10.1943;603-319-430 64
Манякина Алина Ивановна;Ж;17.07.1998;245-459-925 92
Лыхина Клавдия Кирилловна;Ж;23.08.1965;719-321-675 47
Алифова Лариса Валерьевна;Ж;29.01.1964;583-640-538 45
Метталова Валентина Игоревна;Ж;02.07.1975;074-876-826 05
Фигурнова Софья Леонидовна;Ж;13.04.1957;715-458-008 16
Альшакова Дарья Максимовна;Ж;30.06.1984;148-221-130 00
Монагарова Дарья Богдановна;Ж;01.11.1981;648-365-873 97
Фаюстова Александра Николаевна;Ж;06.11.1995;806-850-352 94
Бавидова Марина Вадимовна;Ж;19.08.1961;558-962-674 100
Аполлова Наталья Сергеевна;Ж;21.09.2007;761-256-399 17
Севатеева Любовь Сергеевна;Ж;04.12.2001;025-426-538 54
Темяшова Наталия Викторовна;Ж;14.01.2004;555-973-592 93
Архимонова Юлия Валерьевна;Ж;31.05.1997;253-585-566 98
Займовская Клавдия Игоревна;Ж;21.02.1987;155-957-227 63
Бикмуллина Лариса Никитична;Ж;25.07.1991;722-541-314 53
Тнева Наталия Василевна;Ж;12.09.2005;988-302-675 55
Куртунова Клавдия Петровна;Ж;08.12.1970;162-273-995 15
Гуралева Виктория Кирилловна;Ж;19.05.2006;195-322-481 00
Бжезовская Софья Богдановна;Ж;30.05.1986;805-333-029 95
Дяева Оксана Никитична;Ж;11.08.1966;657-072-196 56
Понушина Софья Эдуардовна;Ж;21.03.1996;456-532-758 88
Кастарнова Ксения Егоровна;Ж;30.05.2007;863-966-343 50
Уколычева Жанна Сергеевна;Ж;06.04.1974;995-967-393 19
Рапиева Дарья Федоровна;Ж;18.10.1972;335-221-146 67
Филипова Евгения Дмитриевна;Ж;30.07.1953;384-286-014 84
Катаурова Кира Алексеевна;Ж;13.05.2008;108-524-606 08
Кутенцова Ольга Аркадьевна;Ж;25.11.1978;786-186-284 76
Степахина Надежда Вадимовна;Ж;25.08.1991;234-588-628 08
Бунькина Яна Яковлевна;Ж;28.04.1996;615-974-233 17
Ушмодина Вера Игоревна;Ж;12.07.1990;651-423-182 82
Марданова Евгения Ивановна;Ж;08.05.1975;321-097-799 62
Лахтюхова Жанна Олеговна;Ж;25.10.1972;848-129-161 99
Семешова Любовь Кирилловна;Ж;15.06.1976;999-159-615 69
Безбрязова Анна Валерьевна;Ж;26.10.1972;479-767-125 47
Гарявина Клавдия Богдановна;Ж;29.01.1961;798-101-412 28
Хромилина Зинаида Василевна;Ж;17.08.1986;066-341-113 27
Алимкова Кристина Алексеевна;Ж;19.06.1944;759-202-943 20
Гиндлина София Аркадьевна;Ж;28.12.1959;226-477-269 09
Нефедова Светлана Олеговна;Ж;11.04.1999;907-050-843 03
Папивина Валентина Егоровна;Ж;30.06.2002;889-104-220 21
Мамухина Ксения Николаевна;Ж;11.10.1995;276-285-870 67
Гряцианова Оксана Богдановна;Ж;28.01.1994;820-056-018 81
Межонова Екатерина Аркадьевна;Ж;19.03.1944;257-102-097 17
Основская Тамара Борисовна;Ж;27.01.1980;830-305-889 12
Шахбанаева Ирина Вадимовна;Ж;24.09.1993;083-195-402 76
Каштурова Алла Алексеевна;Ж;22.05.1983;271-287-368 99
Прсвиркина Анастасия Олеговна;Ж;19.10.1997;445-712-934 35
Буркалина Евгения Ивановна;Ж;02.05.1955;300-727-082 100
Садомакина Клавдия Никитична;Ж;09.12.1997;192-295-882 96
Цыгуняева Алла Андреевна;Ж;26.12.1991;043-685-845 95
Стукина Надежда Василевна;Ж;10.09.1968;290-474-801 92
Лаховская Алла Николаевна;Ж;26.09.1967;639-808-244 35
Копорина София Евгеньевна;Ж;27.07.1990;918-267-441 15
Стина Дарья Викторовна;Ж;16.08.1943;894-755-811 29
Фимеппова Вероника Романовна;Ж;11.06.1994;319-019-701 74
Сирецкая Анна Игоревна;Ж;13.08.1976;769-188-748 43
Подрябкина Алиса Кирилловна;Ж;06.08.1945;006-862-145 10
Абарышева Кристина Петровна;Ж;06.04.1961;787-484-623 45
Шаназарова Оксана Сергеевна;Ж;21.01.1989;404-613-534 91
Марциншина Раиса Ивановна;Ж;21.12.1954;670-885-967 58
Файвусова Вера Игоревна;Ж;04.01.1983;745-374-280 11
Оленикова Галина Михайловна;Ж;15.04.1981;323-555-134 88
Сакурова Наталия Аркадьевна;Ж;24.02.1970;424-446-553 32
Платошева Алена Леонидовна;Ж;23.11.1950;350-954-504 03
Клеймешова Юлия Аркадьевна;Ж;30.01.1992;377-095-144 18
Мосанова Виктория Евгеньевна;Ж;28.09.1967;524-044-200 91
Кусачева Анастасия Эдуардовна;Ж;12.03.1951;305-261-589 93
Сарихина Лариса Валерьевна;Ж;31.08.1999;078-371-441 88
Нафанова Людмила Богдановна;Ж;22.10.1974;646-640-974 79
Мацковская Екатерина Петровна;Ж;18.02.1993;770-668-111 72
Вяньшина Вера Викторовна;Ж;20.01.1997;179-694-355 84
Щицына Марина Валерьевна;Ж;12.03.1953;915-987-986 92
Светачева Мария Леонидовна;Ж;21.03.1955;034-917-388 10
Оболяева Жанна Василевна;Ж;26.09.1986;951-612-936 47
Тибушкина Лиза Сергеевна;Ж;17.09.1949;688-484-258 96
Камушкова Ева Сергеевна;Ж;01.08.2008;183-173-019 01
Тенибекова Наталия Леонидовна;Ж;15.09.1982;048-908-823 56
Искаева Виолетта Ивановна;Ж;09.08.1982;369-544-437 60
Тогушева Людмила Романовна;Ж;03.04.1954;209-685-591 86
Митехина Катерина Федоровна;Ж;19.03.1945;727-195-392 63
Кричевцова Виктория Сергеевна;Ж;24.01.1950;448-151-979 25
Берисова Виолетта Аркадьевна;Ж;29.09.1979;091-509-466 69
Медкова Анастасия Сергеевна;Ж;20.06.1953;231-065-780 23
Бятчикова Виктория Евгеньевна;Ж;29.04.1983;605-211-781 97
Рожинская Людмила Игоревна;Ж;29.12.1984;752-712-314 58
Коляганова Инна Николаевна;Ж;12.09.1943;530-726-814 24
Ротмина Алиса Петровна;Ж;26.10.1982;342-746-286 80
Еврюжихина Евгения Егоровна;Ж;18.07.1996;288-928-274 85
Маклачкова Вероника Романовна;Ж;30.04.1953;895-128-390 29
Дицкова Зинаида Максимовна;Ж;24.08.1965;893-182-490 26
Токмачева Лиза Вадимовна;Ж;16.07.1959;300-660-503 46
Бурянова Александра Михайловна;Ж;28.11.1960;646-852-433 13
Акентьева Лариса Богдановна;Ж;16.01.1995;111-063-562 89
Шетемирова Жанна Кирилловна;Ж;08.06.1968;529-532-844 47
Шкуматова Карина Андреевна;Ж;05.12.1973;192-072-144 73
Кодзарева Ольга Борисовна;Ж;25.05.1968;676-052-922 03
Горкатова София Богдановна;Ж;08.10.1989;652-483-417 32
Карцова София Аркадьевна;Ж;29.05.1972;060-042-728 19
Карнатова Кира Петровна;Ж;02.09.1992;986-483-799 81
Бучуева Наталья Андреевна;Ж;26.06.1993;593-255-369 91
Неучева Клара Богдановна;Ж;27.02.1964;608-361-755 54
Катюргина Яна Ивановна;Ж;07.09.1969;017-727-711 01
Щеголькова Елизавета Леонидовна;Ж;22.03.1984;128-916-460 16
Сухарова Клавдия Михайловна;Ж;10.03.1993;521-151-667 43
Монтрова Софья Максимовна;Ж;18.05.1982;953-691-117 13
Грызлова Лариса Борисовна;Ж;09.10.1951;621-125-729 45
Хаваева Наталья Эдуардовна;Ж;29.05.1967;889-788-065 02
Аданичкина Карина Евгеньевна;Ж;04.04.1970;748-986-250 40
Маметова Валентина Борисовна;Ж;04.07.1999;668-943-304 01
Лемзинова Тамара Аркадьевна;Ж;24.02.1982;695-906-393 74
Баравеева Раиса Викторовна;Ж;27.01.1952;572-513-343 76
Калюпанова Наталья Вадимовна;Ж;26.05.2000;781-827-990 96
Пондакова Клара Валерьевна;Ж;14.03.1959;643-066-256 33
Бляшкина Карина Федоровна;Ж;12.01.2005;358-436-877 33
Федхова Маргарита Николаевна;Ж;09.06.1949;485-793-832 67
Поликушина Карина Борисовна;Ж;18.12.1998;352-910-964 53
Клювиткина Раиса Яковлевна;Ж;25.02.1949;631-751-700 49
Долгашева Катерина Ивановна;Ж;09.12.1957;816-883-077 82
Докалова Елена Яковлевна;Ж;17.06.1969;344-653-140 52
Гайденкова Клара Михайловна;Ж;05.08.1952;465-919-260 21
Фолина Кира Максимовна;Ж;23.11.1947;759-198-544 86
Рассанова Клавдия Петровна;Ж;12.11.1953;689-199-393 18
Калдина Алина Никитична;Ж;24.06.1963;137-588-511 21
Митиева Евгения Андреевна;Ж;28.12.1956;275-980-154 25
Боликина Любовь Валерьевна;Ж;08.07.1978;237-994-861 97
Айдаболова Алла Федоровна;Ж;21.07.1943;045-801-273 90
Талаева Вероника Викторовна;Ж;02.05.1953;130-214-957 57
Трушлякова Юлия Василевна;Ж;03.06.2001;852-489-831 66
Усянова Надежда Борисовна;Ж;20.05.1993;148-722-466 54
Домаскина Алена Андреевна;Ж;31.01.1978;123-943-412 71
Заднеева Раиса Яковлевна;Ж;06.09.1954;946-774-593 05
Оксютова Яна Алексеевна;Ж;10.11.1988;761-880-041 60
Кленских Алиса Алексеевна;Ж;07.07.1945;304-088-393 67
Саблунова Юлия Аркадьевна;Ж;28.06.1997;712-964-522 09
Моногорова Вера Алексеевна;Ж;24.03.1962;671-423-583 32
Елоримова Оксана Яковлевна;Ж;02.08.2004;346-884-678 54
Сескутова Жанна Романовна;Ж;06.10.1948;197-484-379 29
Чичинова Анастасия Петровна;Ж;31.07.1959;829-595-082 53
Цынгунова Катерина Борисовна;Ж;18.01.1977;446-659-051 12
Фетасова Зинаида Федоровна;Ж;21.03.1946;309-302-068 05
Пшонина Полина Олеговна;Ж;25.04.1944;160-784-595 11
Сосырева Наталья Никитична;Ж;23.02.1960;270-770-506 02
Лоткарева Маргарита Вадимовна;Ж;29.09.1952;722-859-609 00
Мишахина Дарья Никитична;Ж;10.02.1946;480-064-080 63
Буюнова Клара Николаевна;Ж;31.08.1977;820-294-336 25
Никонова Лиза Никитична;Ж;04.01.1952;188-360-383 30
Селевина Валерия Андреевна;Ж;14.12.1982;988-387-291 78
Афонусова Маргарита Олеговна;Ж;19.12.1995;877-226-108 02
Цалихина Анастасия Егоровна;Ж;05.02.2000;140-127-697 94
Нагаева Тамара Егоровна;Ж;21.06.1964;787-748-944 21
Егураева Катерина Никитична;Ж;09.12.1987;647-233-919 72
Оришева Екатерина Борисовна;Ж;31.01.1996;158-305-239 30
Гордилина Любовь Богдановна;Ж;09.05.1944;331-307-174 98
Подпечкина Александра Алексеевна;Ж;03.07.1943;585-945-158 85
Флюстова Полина Егоровна;Ж;17.01.1968;097-669-840 78
Лексикова Виолетта Игоревна;Ж;04.02.1958;206-896-878 83
Поддьякова Клара Викторовна;Ж;19.02.1971;312-380-548 45
Копина Ксения Кирилловна;Ж;01.01.1964;099-235-802 00
Пятибокова Мария Богдановна;Ж;03.09.1950;733-314-360 57
Чулинова Светлана Романовна;Ж;09.07.2003;882-705-712 94
Комляшина Анна Сергеевна;Ж;10.12.1963;495-519-898 78
Юхновская Маргарита Аркадьевна;Ж;16.08.1999;989-629-021 87
Ворнычева Ева Олеговна;Ж;20.10.1988;873-764-637 89
Кабустина Зинаида Леонидовна;Ж;02.04.1963;144-729-844 85
Аглобина Анастасия Валерьевна;Ж;07.03.1998;392-721-335 92
Тукина Марина Богдановна;Ж;26.10.1966;811-754-558 87
Локтешева Лиза Андреевна;Ж;20.06.1986;574-404-136 83
Фолкова Наталья Михайловна;Ж;23.02.1958;290-518-480 21
Шиненкова Марина Дмитриевна;Ж;18.05.1970;664-196-609 82
Лисянская Виктория Романовна;Ж;01.08.1950;810-064-886 90
Асонкина Людмила Олеговна;Ж;22.01.2004;461-271-723 93
Сокотова Жанна Валерьевна;Ж;29.06.1986;559-605-865 92
Абаляева Клара Вадимовна;Ж;23.12.1990;227-441-165 00
Яропкина Дарья Игоревна;Ж;13.10.1963;812-597-360 29
Самлдумова Анна Ивановна;Ж;22.08.1979;980-162-204 41
Симбухина Алина Андреевна;Ж;27.02.1954;776-435-505 10
Манчевская Тамара Михайловна;Ж;19.10.1950;684-741-941 30
Стерлядева Алена Леонидовна;Ж;27.07.1949;866-948-100 71
Дамагина Софья Евгеньевна;Ж;18.12.1959;621-999-433 72
Сахранова Елизавета Алексеевна;Ж;17.11.1997;470-686-514 35
Наркунская Полина Евгеньевна;Ж;01.05.1977;500-703-475 20
Евмешкина Маргарита Алексеевна;Ж;23.02.2008;937-148-198 05
Куценкова Катерина Кирилловна;Ж;14.11.1963;170-550-879 08
Аскова Галина Егоровна;Ж;09.11.1982;934-403-941 99
Манюрова Александра Эдуардовна;Ж;10.02.2000;458-640-281 100
Печенцова Кристина Романовна;Ж;25.01.1959;063-826-917 81
Кожарская Алина Борисовна;Ж;05.11.1999;555-029-611 79
Сейтова Вероника Кирилловна;Ж;08.09.1963;646-956-660 61
Лилева Маргарита Алексеевна;Ж;30.04.1997;397-489-502 38
Максумова Полина Аркадьевна;Ж;12.01.1988;934-720-525 93
Фешина Инна Олеговна;Ж;02.03.2003;985-199-218 76
Ципалина Лариса Эдуардовна;Ж;01.06.1969;362-847-292 62
Чибескова Алла Вадимовна;Ж;22.11.2003;956-611-165 02
Ундрова Раиса Валерьевна;Ж;13.04.1962;707-276-664 78
Тигирова Лариса Петровна;Ж;15.07.1982;891-100-976 49
Фатхулина Жанна Вадимовна;Ж;06.05.1991;851-436-152 81
Сниткова Виктория Игоревна;Ж;09.10.1954;671-264-223 67
Сыренова Евгения Петровна;Ж;12.12.2007;744-579-410 01
Нагайцева Ирина Игоревна;Ж;07.05.1950;986-539-236 61
Нурдинова Валерия Аркадьевна;Ж;23.02.1975;955-458-886 55
Шамтова Катерина Михайловна;Ж;09.05.1977;540-587-758 33
Битюнева Алла Романовна;Ж;03.05.1948;304-446-780 42
Голомнова Клара Яковлевна;Ж;24.07.1961;512-408-316 91
Матюнина Жанна Викторовна;Ж;10.02.1994;556-153-747 67
Гневушева Вероника Евгеньевна;Ж;04.09.2001;593-923-507 30
Нивина Ксения Николаевна;Ж;12.04.1949;413-218-027 83
Дерусова Маргарита Алексеевна;Ж;03.11.2008;650-081-910 61
Ашбалова Евгения Андреевна;Ж;01.11.1943;728-145-771 41
Мизева Виктория Ивановна;Ж;19.11.1998;388-664-484 95
Атнилова Клара Игоревна;Ж;30.10.1957;426-323-534 92
Галенчина Тамара Яковлевна;Ж;22.12.1976;524-677-460 36
Рошпилева Дарья Романовна;Ж;14.12.2008;583-260-244 77
Магидина Зинаида Алексеевна;Ж;24.05.1960;764-682-442 19
Мансупова Алиса Борисовна;Ж;29.08.1982;357-858-741 72
Пешрова Кристина Никитична;Ж;26.10.1992;885-147-403 85
Личугина Любовь Никитична;Ж;17.11.1966;227-811-971 40
Пахнева Яна Максимовна;Ж;07.11.1968;164-643-647 69
Криштопова Галина Эдуардовна;Ж;03.09.1977;678-612-106 68
Полтанова Вера Петровна;Ж;08.11.1962;409-412-208 76
Баклагова Елена Олеговна;Ж;04.11.1973;929-544-471 32
Кузекмаева Раиса Никитична;Ж;10.06.1996;346-500-542 60
Потетюева Полина Вадимовна;Ж;03.08.1953;864-729-537 92
Кариова Виктория Борисовна;Ж;23.02.2000;101-852-706 15
Бузуглова Наталья Михайловна;Ж;08.09.1991;840-707-029 17
Папина Виолетта Леонидовна;Ж;17.11.1960;734-857-264 64
Духнова Ксения Викторовна;Ж;11.10.1970;253-761-037 04
Литягова Алла Василевна;Ж;24.07.1952;924-130-291 66
Батвинкина Екатерина Богдановна;Ж;03.06.1964;201-973-880 63
Гогунова Лариса Олеговна;Ж;26.08.1957;984-757-082 51
Бедарева Галина Николаевна;Ж;13.12.1950;695-301-284 01
Драгулина Ева Богдановна;Ж;07.02.1959;612-417-396 70
Руцинская Оксана Ивановна;Ж;11.03.1973;535-230-117 49
Харчалина Тамара Сергеевна;Ж;16.07.1986;094-436-470 14
Диких Евгения Василевна;Ж;02.01.1950;618-675-580 62
Габинская Алина Федоровна;Ж;08.11.1963;715-398-193 79
Утенкова Кира Богдановна;Ж;11.11.1983;442-857-322 04
Голаджева Тамара Федоровна;Ж;26.06.1988;379-922-998 71
Кирькина Кира Романовна;Ж;05.08.1952;670-429-896 40
Китнина Полина Федоровна;Ж;01.04.1943;159-783-932 73
Кирилина Екатерина Дмитриевна;Ж;07.04.1961;654-428-168 71
Жабцова Ирина Викторовна;Ж;19.05.1993;594-735-684 99
Лемечева Галина Олеговна;Ж;24.02.2004;377-007-692 51
Китухина Софья Вадимовна;Ж;24.04.2007;227-059-123 81
Кондраева Алена Игоревна;Ж;24.04.1958;447-500-452 65
Забидарова Ева Аркадьевна;Ж;05.06.1987;333-195-868 29
Ягармина Валерия Леонидовна;Ж;06.12.1978;256-194-247 50
Гайкуллина Наталья Валерьевна;Ж;21.07.1959;391-394-173 31
Гомельская Любовь Вадимовна;Ж;30.05.1996;713-371-903 95
Доронькина Зинаида Яковлевна;Ж;04.10.2007;605-320-759 58
Джурова Лиза Викторовна;Ж;18.09.1971;797-868-437 18
Шобонова Дарья Леонидовна;Ж;25.06.1987;515-545-413 84
Дидикова Виолетта Романовна;Ж;12.09.1951;093-111-544 73
Копачева Ольга Валерьевна;Ж;28.11.1964;869-981-726 94
Адойская Алена Аркадьевна;Ж;11.11.1951;276-031-717 07
Парсамова Елена Федоровна;Ж;16.10.1981;663-338-804 30
Фонанова Клара Николаевна;Ж;12.07.2005;499-250-353 98
Пирбекова Лариса Василевна;Ж;19.04.1997;147-936-038 51
Дрогашина София Андреевна;Ж;26.03.1951;007-686-241 08
Неуструева Екатерина Эдуардовна;Ж;20.07.1982;195-758-834 99
Беркоусова Полина Алексеевна;Ж;09.09.1972;944-254-390 12
Криулькина Валерия Леонидовна;Ж;02.05.1961;159-567-648 27
Байкачева Юлия Игоревна;Ж;01.09.1999;036-503-552 86
Трошейкина Анастасия Романовна;Ж;02.10.1985;162-137-005 45
Перебякина Ирина Николаевна;Ж;04.10.2007;536-902-192 07
Безкорская Кристина Максимовна;Ж;04.06.1959;566-050-415 65
Будзинская Яна Федоровна;Ж;14.05.1943;572-536-173 20
Ханькова Наталия Борисовна;Ж;18.08.1985;210-891-317 17
Жгирова Ева Андреевна;Ж;30.05.1944;720-543-659 82
Анеликова Алёна Романовна;Ж;16.11.1988;363-673-351 03
Картаева Галина Игоревна;Ж;03.08.1982;192-591-517 41
Халыкова Ирина Сергеевна;Ж;09.04.1948;487-926-359 13
Юшанцева Людмила Яковлевна;Ж;28.01.1984;922-601-169 22
Ахполова Вероника Романовна;Ж;11.05.1961;347-708-525 41
Голдина Александра Борисовна;Ж;05.12.1992;163-321-142 26
Отичева Вероника Петровна;Ж;15.07.1978;284-077-770 52
Держицкая Наталья Яковлевна;Ж;14.02.1999;307-385-646 80
Демишова Людмила Евгеньевна;Ж;11.10.1973;201-107-201 88
Скорникова Алина Михайловна;Ж;18.05.1949;452-040-848 42
Марецкая Алла Дмитриевна;Ж;24.08.1989;064-309-718 61
Кочкурова Алиса Борисовна;Ж;18.12.1970;697-661-651 31
Сымонова Алена Николаевна;Ж;01.01.1948;832-287-464 65
Галямшина Алина Алексеевна;Ж;19.04.1966;453-541-351 66
Кемяшова Анастасия Борисовна;Ж;28.04.1961;187-894-734 95
Логузова Алина Алексеевна;Ж;07.12.1968;269-127-175 39
Плицина Ксения Ивановна;Ж;19.06.1975;950-401-036 41
Клыкина Полина Эдуардовна;Ж;01.01.1964;608-828-367 100
Хорохнина Лариса Яковлевна;Ж;22.08.1951;202-588-940 56
Стрилецкая Елизавета Андреевна;Ж;08.04.1982;708-496-823 70
Фейсханова Марина Федоровна;Ж;23.09.1956;026-777-025 21
Просторова Валерия Олеговна;Ж;03.01.1991;086-725-532 11
Гумматова Наталья Богдановна;Ж;09.03.1980;487-808-254 47
Пантанова Алла Максимовна;Ж;16.10.1981;385-458-163 40
Нуралыева Екатерина Андреевна;Ж;10.04.2001;856-795-274 90
Чавдарова Евгения Валерьевна;Ж;08.09.1980;049-316-566 67
Штыкина Валерия Василевна;Ж;31.05.2003;398-108-666 84
Календина Оксана Викторовна;Ж;16.01.1954;414-226-222 41
Верамьева Юлия Николаевна;Ж;12.08.1973;311-042-028 53
Пашкурова Елизавета Сергеевна;Ж;05.12.1960;069-738-393 96
Владавская Юлия Дмитриевна;Ж;04.10.1952;114-350-894 64
Гапонова Наталия Богдановна;Ж;28.02.1972;235-779-110 81
Ракузина Ксения Ивановна;Ж;03.05.1986;656-536-043 91
Шваюкова Галина Сергеевна;Ж;22.02.1997;164-733-161 78
Леева Мария Игоревна;Ж;03.08.1991;169-487-297 39
Смычагина Карина Кирилловна;Ж;11.11.1993;279-222-180 67
Сергаева Дарья Дмитриевна;Ж;28.01.1951;814-590-837 78
Мискетова Галина Евгеньевна;Ж;05.02.1952;898-843-501 90
Кутлина Анастасия Егоровна;Ж;14.11.1987;663-371-940 10
Чезганова Жанна Викторовна;Ж;18.02.1987;719-887-668 72
Феткулова Тамара Василевна;Ж;01.04.1968;648-231-406 74
Шалапина Софья Ивановна;Ж;19.05.1954;501-451-550 59
Лисовцова Яна Николаевна;Ж;12.05.1973;834-520-095 06
Гарнова Мария Ивановна;Ж;14.06.1983;840-349-257 61
Гершорина Полина Алексеевна;Ж;05.06.1993;215-665-893 12
Безряднова Наталия Василевна;Ж;12.12.1945;245-903-069 48
Пышкина Анастасия Петровна;Ж;13.06.1983;402-394-729 87
Елопова Лиза Игоревна;Ж;05.12.1975;264-740-610 48
Тугарова Наталия Валерьевна;Ж;13.11.1974;752-929-136 46
Саловарова Ирина Никитична;Ж;09.04.1972;870-324-245 89
Маздыкова Любовь Валерьевна;Ж;11.01.1999;037-033-288 50
Айгистова Оксана Валерьевна;Ж;23.06.1961;020-886-724 59
Правдюкова Алена Викторовна;Ж;27.10.2000;604-863-578 15
Паздхина Зинаида Василевна;Ж;13.11.1960;624-131-913 75
Фидоринова Клара Романовна;Ж;13.02.1963;333-277-960 58
Галькова Евгения Эдуардовна;Ж;10.02.1977;743-153-162 70
Панферцева Раиса Андреевна;Ж;28.02.1957;047-700-771 06
Моргалина Кристина Аркадьевна;Ж;05.06.1982;979-547-323 26
Бухавецкая Виктория Петровна;Ж;27.11.1959;995-031-690 09
Былеева Вера Максимовна;Ж;30.07.1989;786-264-588 25
Маесова Надежда Егоровна;Ж;22.10.1994;877-492-289 25
Юнгерова Людмила Михайловна;Ж;25.01.1968;028-358-745 85
Бадыштова Алёна Викторовна;Ж;07.10.1947;389-385-534 61
Вощеникина Мария Никитична;Ж;16.06.1963;561-783-510 78
Гифрина Инна Яковлевна;Ж;19.02.1951;013-724-404 65
Голощапова Инна Вадимовна;Ж;13.04.1986;519-705-927 80
Шушугина Зинаида Кирилловна;Ж;18.06.1943;562-426-778 15
Бечейкина Лиза Романовна;Ж;30.01.1983;467-537-132 89
Челикова Жанна Игоревна;Ж;30.11.2000;385-203-153 56
Пишхожева Жанна Василевна;Ж;24.08.1979;359-659-437 03
Файзуллина Юлия Никитична;Ж;08.01.1952;301-743-852 28
Бубнихина Людмила Петровна;Ж;19.08.1957;902-285-697 26
Голосова Юлия Богдановна;Ж;24.03.1979;388-605-939 15
Фоничева Кристина Егоровна;Ж;26.09.2005;101-736-448 61
Ульщенкова Валерия Вадимовна;Ж;05.12.1958;230-375-013 42
Ратчинская Анастасия Игоревна;Ж;31.05.1965;461-384-313 79
Холидова Маргарита Егоровна;Ж;09.11.1974;934-588-465 04
Сапилина Катерина Вадимовна;Ж;03.07.1989;577-915-119 42
Примачева Алена Алексеевна;Ж;15.11.1978;600-450-475 15
Мешанкина Алла Николаевна;Ж;20.11.2001;263-855-309 52
Зяковлева Кристина Валерьевна;Ж;04.11.1977;502-513-603 49
Снитина Дарья Кирилловна;Ж;09.12.1994;417-467-146 45
Пурцакина Маргарита Василевна;Ж;15.01.1945;310-495-134 96
Кувелина Лариса Алексеевна;Ж;06.09.1993;771-317-627 43
Галенская Ксения Романовна;Ж;01.07.1994;551-683-129 43
Саморокова Валентина Эдуардовна;Ж;27.04.1955;245-654-032 64
Суровинова Зинаида Михайловна;Ж;21.03.1989;372-326-840 02
Елдина Алиса Романовна;Ж;27.09.1976;567-025-544 12
Плицына Инна Вадимовна;Ж;01.01.1962;392-024-043 39
Куветова Виктория Андреевна;Ж;04.06.1966;195-159-314 11
Фирюлина Полина Петровна;Ж;29.10.1953;132-949-804 59
Кочкова Анастасия Евгеньевна;Ж;25.08.1974;411-466-694 93
Шележова Клавдия Михайловна;Ж;19.07.1998;780-488-160 14
Аюшина Катерина Федоровна;Ж;06.03.1997;048-952-928 07
Зубенина Клара Василевна;Ж;24.04.2007;332-885-256 70
Болднова Надежда Аркадьевна;Ж;22.12.1985;737-621-937 69
Журомская Ольга Леонидовна;Ж;26.07.2007;666-246-661 35
Варзина Марина Эдуардовна;Ж;29.09.1957;049-794-352 49
Чигаркина Ксения Максимовна;Ж;01.12.1944;343-359-456 78
Ревушкина Мария Леонидовна;Ж;26.02.1958;151-271-704 79
Лукушина Клара Егоровна;Ж;25.02.1946;123-245-243 73
Ореховская Елизавета Михайловна;Ж;31.07.1993;827-087-559 21
Веннова Светлана Федоровна;Ж;28.10.1954;780-368-331 97
Перочкина Алёна Петровна;Ж;23.05.2004;115-994-382 72
Фелицына Надежда Алексеевна;Ж;06.02.1973;631-483-456 54
Громская Лиза Эдуардовна;Ж;01.11.1974;869-158-625 65
Церпицкая Ольга Богдановна;Ж;05.06.1999;695-661-754 67
Семчугова Лиза Вадимовна;Ж;22.02.1971;678-068-207 29
Мамзелева Евгения Леонидовна;Ж;15.12.2001;896-724-060 78
Шеркова Ксения Богдановна;Ж;17.02.1972;889-835-508 75
Прышкина Елизавета Евгеньевна;Ж;03.08.1960;495-303-609 24
Гладиева Людмила Алексеевна;Ж;09.11.1976;033-899-175 03
Вольфова Жанна Василевна;Ж;24.05.1990;805-832-488 97
Пожильцева Лиза Алексеевна;Ж;24.11.1950;796-062-353 01
Токтаева Валентина Эдуардовна;Ж;14.01.1998;538-834-170 99
Корницкая Александра Аркадьевна;Ж;24.11.1967;060-985-742 63
Киянская Полина Федоровна;Ж;14.12.1995;226-697-850 77
Гилечева Алёна Евгеньевна;Ж;18.03.1964;378-141-706 04
Сивалапова Ирина Егоровна;Ж;11.12.2000;553-846-230 77
Гичкина Алиса Егоровна;Ж;07.05.1973;823-298-492 87
Апухтина Екатерина Игоревна;Ж;22.12.1995;279-701-650 88
Плигунова Ксения Игоревна;Ж;13.05.1954;175-373-587 07
Гольяшова Вера Дмитриевна;Ж;27.11.1982;438-484-554 67
Кабранова Кира Максимовна;Ж;18.09.2000;322-597-121 80
Виненкова Зинаида Николаевна;Ж;06.01.1961;911-863-116 95
Кухранова Тамара Аркадьевна;Ж;10.10.1958;080-181-071 56
Торохова Елена Олеговна;Ж;20.07.1971;852-010-097 96
Задураева Маргарита Яковлевна;Ж;19.07.1955;694-290-364 29
Хабибулина Кира Максимовна;Ж;02.01.1967;936-702-578 83
Кличева Зинаида Яковлевна;Ж;16.04.2008;904-824-190 99
Бугоркова Клавдия Михайловна;Ж;27.05.1960;837-056-868 24
Шодиева Алиса Никитична;Ж;08.07.1987;396-935-708 86
Дядюнова Инна Романовна;Ж;30.05.1970;350-448-225 04
Рогелева Клара Богдановна;Ж;17.11.1969;142-418-326 08
Бусахина Инна Егоровна;Ж;29.12.1951;024-729-790 77
Ивануйлова Полина Викторовна;Ж;15.04.1963;036-491-826 61
Шкунова Зинаида Валерьевна;Ж;23.12.1998;220-450-584 23
Филипповых Алиса Ивановна;Ж;05.06.1988;542-757-955 16
Тарковская Инна Петровна;Ж;22.03.1974;425-939-043 20
Лапченкова Людмила Максимовна;Ж;24.10.1990;188-869-295 40
Акеньшина Светлана Богдановна;Ж;11.06.1947;749-676-785 51
Амирханова Маргарита Алексеевна;Ж;29.07.1988;519-521-810 59
Демчинская Карина Никитична;Ж;03.04.1960;852-392-509 49
Вантеева Виктория Аркадьевна;Ж;12.06.1949;058-025-954 54
Барабашева Екатерина Олеговна;Ж;24.01.1964;057-718-739 17
Миркушева Любовь Романовна;Ж;24.06.1950;898-278-715 84
Кальбова Клара Петровна;Ж;15.06.1990;645-378-124 13
Трутонова Инна Борисовна;Ж;10.08.1976;257-714-158 47
Повторева Вероника Егоровна;Ж;08.04.1998;975-410-898 11
Володкина София Романовна;Ж;19.06.1993;280-215-169 35
Пестичева Екатерина Валерьевна;Ж;18.08.1981;698-795-653 06
Балалина Кристина Сергеевна;Ж;20.02.1964;246-473-715 37
Нартдинова Анна Алексеевна;Ж;14.06.1975;962-712-400 17
Шуркалина Надежда Викторовна;Ж;26.02.1958;944-195-852 65
Шитлягина Галина Романовна;Ж;12.07.1962;105-717-264 26
Отряднова Александра Николаевна;Ж;02.09.1954;857-056-964 94
Тетухова Валерия Максимовна;Ж;29.10.1951;467-726-238 60
Каирбекова Зинаида Егоровна;Ж;10.12.1983;990-407-994 08
Котькова Алла Андреевна;Ж;16.10.1966;136-194-172 11
Болонева Ксения Леонидовна;Ж;30.07.1995;357-902-642 07
Токнова Валерия Валерьевна;Ж;07.10.1996;461-883-390 43
Ханалиева Маргарита Леонидовна;Ж;05.09.1952;661-188-695 26
Емукова Яна Никитична;Ж;22.10.1981;070-282-868 03
Дуреева Полина Викторовна;Ж;02.04.1977;838-842-432 02
Бартницкая Евгения Сергеевна;Ж;22.08.1976;248-300-193 80
Магрычева Клара Кирилловна;Ж;05.02.1984;550-248-343 03
Бертулова Марина Петровна;Ж;17.04.2006;921-075-628 53
Сушова Маргарита Петровна;Ж;15.04.1992;143-444-258 44
Слушаева Ольга Кирилловна;Ж;08.06.1945;905-886-871 04
Нехитрова Ева Яковлевна;Ж;29.11.1969;510-177-774 78
Деяшкина Кристина Яковлевна;Ж;27.08.1979;616-135-180 72
Добанова Людмила Романовна;Ж;20.11.1981;207-928-660 48
Хлебунова Екатерина Егоровна;Ж;26.03.1962;232-741-281 88
Тапильцева Любовь Валерьевна;Ж;09.08.1945;183-164-919 83
Калушина Валентина Максимовна;Ж;17.11.1946;376-502-577 64
Гезеева Наталия Василевна;Ж;04.01.1955;109-778-252 49
Тюмокина Юлия Романовна;Ж;11.11.1967;120-288-100 27
Корзинцева Алина Леонидовна;Ж;04.05.1962;163-999-630 66
Авилчева Ирина Петровна;Ж;01.11.1980;513-861-972 70
Жабыкина Тамара Валерьевна;Ж;05.01.1993;726-688-005 16
Алафанова Вера Егоровна;Ж;28.10.1945;972-906-581 50
Печеркина Александра Ивановна;Ж;17.04.1962;600-306-911 64
Гилецкая Зинаида Валерьевна;Ж;24.08.1944;996-970-197 05
Мишичева Валентина Николаевна;Ж;08.07.1983;578-777-491 03
Шпилевских Надежда Эдуардовна;Ж;03.04.2000;284-952-018 15
Агличева Елизавета Ивановна;Ж;09.10.1964;988-700-488 86
Гладишкина Анна Кирилловна;Ж;22.12.1990;783-950-148 42
Цыварева Алёна Олеговна;Ж;28.11.1977;157-344-279 84
Пинкасова Виктория Максимовна;Ж;11.12.1992;047-446-519 67
Перемешина Анастасия Романовна;Ж;28.02.1964;614-934-056 25
Мощеветина Александра Леонидовна;Ж;26.06.1988;934-172-591 32
Косатонова Ирина Богдановна;Ж;26.04.1998;448-842-965 07
Людринская Софья Яковлевна;Ж;30.10.1961;206-953-319 50
Плехотина Катерина Богдановна;Ж;25.10.1943;970-738-747 09
Вышивкина Виолетта Николаевна;Ж;29.10.1997;261-158-740 09
Бичурина Карина Евгеньевна;Ж;29.04.1987;086-723-845 67
Хаянова Маргарита Богдановна;Ж;03.04.1989;298-303-163 81
Жужукина Алина Василевна;Ж;25.07.1969;133-963-341 95
Сыргина Инна Дмитриевна;Ж;08.10.1957;186-067-466 80
Семирякова Кристина Аркадьевна;Ж;11.11.1965;380-727-617 54
Капицина Алла Андреевна;Ж;19.03.1985;222-690-861 37
Семберева Виктория Алексеевна;Ж;20.09.1998;352-333-123 34
Мирначиева Екатерина Романовна;Ж;13.12.1987;422-340-532 49
Шовалина Алиса Максимовна;Ж;11.10.1961;470-200-906 74
Каганцева Оксана Максимовна;Ж;15.10.1993;391-834-554 47
Курявская Инна Ивановна;Ж;30.11.2008;168-070-868 97
Моксина Дарья Эдуардовна;Ж;17.08.1956;519-512-767 77
Хищнекова Марина Аркадьевна;Ж;01.04.1987;622-986-577 40
Бугумова Зинаида Андреевна;Ж;07.12.1958;968-779-165 06
Пановкина Яна Дмитриевна;Ж;28.08.1979;534-110-887 61
Буколева Зинаида Сергеевна;Ж;13.12.1966;815-657-703 28
Бастунская Алина Николаевна;Ж;17.07.2007;311-533-955 56
Масалкова Надежда Романовна;Ж;14.02.1987;241-596-067 69
Бурабина Жанна Андреевна;Ж;21.04.1981;839-586-267 08
Ступникова Валерия Сергеевна;Ж;13.04.2005;693-280-438 43
Ладова Раиса Михайловна;Ж;24.12.1946;310-470-959 95
Эфирова Валентина Евгеньевна;Ж;18.01.1995;272-767-979 89
Кальгина Карина Борисовна;Ж;23.12.1954;289-277-414 34
Топорова Лиза Яковлевна;Ж;28.05.1972;186-231-590 03
Ноголкина Елизавета Никитична;Ж;28.07.1951;993-124-837 58
Антошкова Екатерина Игоревна;Ж;21.09.1956;395-428-210 51
Шердюкова Кристина Богдановна;Ж;16.07.1964;856-355-588 26
Шайбекова Валентина Николаевна;Ж;26.01.1974;875-405-157 26
Колокова Юлия Вадимовна;Ж;30.12.1982;622-481-110 09
Збитнева Людмила Борисовна;Ж;21.09.2005;317-092-865 79
Степняева Виолетта Дмитриевна;Ж;09.03.1972;393-888-438 25
Алдагова Юлия Василевна;Ж;21.03.1952;762-167-908 82
Мохачева Лиза Егоровна;Ж;09.09.1991;490-662-742 25
Чанова Софья Романовна;Ж;10.12.1983;966-451-799 45
Памухина Валентина Дмитриевна;Ж;10.02.1994;868-287-953 12
Самыличева Елена Леонидовна;Ж;10.06.1967;733-389-765 23
Воротнина Катерина Викторовна;Ж;21.04.1958;580-265-543 18
Лодинова Светлана Игоревна;Ж;05.02.1956;291-478-596 39
Пасенкова Виктория Ивановна;Ж;13.01.2007;858-820-325 95
Шкабанова Оксана Эдуардовна;Ж;17.04.1947;211-400-249 83
Мелситова Елена Романовна;Ж;26.06.1986;994-704-525 20
Помилова Алина Олеговна;Ж;19.10.1984;265-625-262 04
Веселина Наталья Михайловна;Ж;29.05.1946;246-815-502 75
Дудничева Людмила Василевна;Ж;07.10.1999;827-340-627 21
Рогулева Анна Эдуардовна;Ж;16.05.1983;069-513-963 63
Гулюшкина Алла Василевна;Ж;08.10.1982;053-943-080 88
Абидулина Маргарита Сергеевна;Ж;25.08.1989;488-862-294 84
Данилычева Светлана Федоровна;Ж;03.06.1967;954-651-471 13
Матешова Виолетта Андреевна;Ж;20.01.1990;793-062-172 84
Ботпаева Катерина Федоровна;Ж;03.01.1980;435-550-649 71
Полифорова Анна Егоровна;Ж;01.01.1943;935-590-498 20
Говренкова Яна Борисовна;Ж;03.11.2000;161-513-085 01
Желтова Валерия Богдановна;Ж;18.03.1993;556-101-131 95
Дудкина Елена Петровна;Ж;02.02.2005;800-026-366 13
Невельская Клавдия Аркадьевна;Ж;10.06.1952;867-934-079 99
Нармина Валерия Ивановна;Ж;06.03.1981;877-739-402 15
Ялымова Анастасия Игоревна;Ж;11.02.1989;707-817-833 56
Сотых Полина Олеговна;Ж;25.09.1944;275-134-635 19
Слотинцева Софья Яковлевна;Ж;05.09.1988;966-374-391 50
Вочкина Карина Сергеевна;Ж;20.12.1985;863-142-464 10
Сапошкина Елена Сергеевна;Ж;25.08.2004;087-554-531 04
Упрунова Виолетта Валерьевна;Ж;17.03.2003;623-352-315 69
Ворчалова Алена Валерьевна;Ж;14.04.1965;509-060-823 92
Гобрусева Ксения Никитична;Ж;23.06.1966;234-516-066 17
Чебеляева Зинаида Эдуардовна;Ж;02.09.2001;686-265-818 89
Копейкина Яна Леонидовна;Ж;11.08.1991;529-668-621 41
Карчшкина Валерия Вадимовна;Ж;27.09.1974;178-790-161 06
Щербакина Юлия Евгеньевна;Ж;19.01.1956;316-206-196 38
Подлесских Ксения Эдуардовна;Ж;05.07.1973;230-761-567 66
Улицына Марина Романовна;Ж;01.03.1946;767-956-964 39
Синьгова Любовь Валерьевна;Ж;05.03.1980;975-509-878 53
Гейкина Вера Игоревна;Ж;18.12.1961;377-198-290 59
Дедякина Алиса Егоровна;Ж;28.11.1993;644-934-929 14
Митанева Карина Евгеньевна;Ж;08.05.1991;044-106-749 67
Шкилькова Раиса Андреевна;Ж;12.03.1981;654-713-245 01
Кухтина Ксения Максимовна;Ж;29.07.1996;747-784-363 65
Шикиряева Лариса Ивановна;Ж;03.10.1955;248-995-194 08
Велисеева Евгения Олеговна;Ж;01.01.1970;812-639-770 58
Ячмина Анастасия Максимовна;Ж;16.02.1977;642-062-004 13
Малявина Карина Дмитриевна;Ж;18.08.1971;133-712-890 31
Эраносова Виолетта Олеговна;Ж;28.11.1965;320-279-547 82
Шагавитова Алена Валерьевна;Ж;23.02.1964;363-829-872 00
Ватутина Алиса Викторовна;Ж;13.04.1946;002-930-612 54
Мехнина Маргарита Петровна;Ж;30.07.1968;183-745-083 31
Ревешнина Полина Кирилловна;Ж;16.10.1980;799-023-060 44
Выдрякова Екатерина Петровна;Ж;01.12.1967;272-930-200 02
Коптелева Инна Евгеньевна;Ж;14.08.1988;972-551-597 00
Горяева Катерина Василевна;Ж;15.09.1948;300-579-518 74
Мосинцева Валентина Дмитриевна;Ж;29.03.1983;330-989-202 03
Шеванева Инна Максимовна;Ж;08.02.1972;354-526-026 89
Агайчева Валерия Евгеньевна;Ж;27.06.1996;328-125-340 49
Козевина Анна Василевна;Ж;11.08.1946;486-151-126 74
Кшевицкая Алёна Валерьевна;Ж;01.01.1972;032-818-726 61
Аржанухина Яна Вадимовна;Ж;28.10.1961;099-270-443 04
Ватинцева Юлия Федоровна;Ж;17.02.1990;634-540-701 46
Дадычкина Яна Викторовна;Ж;30.07.1995;645-664-678 32
Наганева София Кирилловна;Ж;26.01.1984;584-361-966 96
Шагапова Ксения Леонидовна;Ж;28.09.1989;972-639-616 68
Берманова Зинаида Аркадьевна;Ж;16.10.1956;097-269-378 30
Кокувина Маргарита Леонидовна;Ж;01.01.1975;511-733-119 00
Гуречева Оксана Богдановна;Ж;08.01.1999;987-155-513 02
Кротовская Клара Романовна;Ж;02.10.1967;104-399-157 79
Мусарыгина Инна Николаевна;Ж;22.02.1982;666-529-841 57
Евних Наталья Игоревна;Ж;19.04.1983;184-711-753 21
Чекрычина Виктория Андреевна;Ж;12.08.1996;766-821-684 72
Пулова Полина Валерьевна;Ж;09.09.1995;216-579-854 15
Канская Дарья Никитична;Ж;30.05.1979;620-543-723 95
Бенусова Маргарита Леонидовна;Ж;27.10.1958;928-418-353 27
Лактюхина Маргарита Валерьевна;Ж;03.05.1997;966-511-714 93
Чейкова Анна Никитична;Ж;22.05.1991;564-471-273 17
Тютюнкова Евгения Михайловна;Ж;05.12.1982;572-739-416 51
Толокнова Ксения Викторовна;Ж;26.02.1951;547-219-248 57
Лугинина Ева Эдуардовна;Ж;30.03.1948;659-230-564 18
Кырова Зинаида Викторовна;Ж;26.09.1956;068-570-346 34
Кармышкина Софья Аркадьевна;Ж;20.01.1983;068-073-001 09
Освенская Лариса Михайловна;Ж;29.12.1965;642-199-866 37
Терещина Полина Никитична;Ж;09.05.2008;068-689-362 84
Манежина Алла Кирилловна;Ж;31.07.1983;980-199-498 58
Жестерева Ирина Яковлевна;Ж;06.08.1943;569-649-782 23
Челмокаева Анастасия Олеговна;Ж;05.02.1981;128-221-900 38
Митринина Наталья Эдуардовна;Ж;02.06.1975;141-386-717 65
Даляева Катерина Аркадьевна;Ж;19.10.1997;773-619-650 31
Шевалдина Валентина Михайловна;Ж;03.04.1953;787-181-085 37
Радчина Екатерина Василевна;Ж;17.07.1990;207-775-351 21
Кочурихина Зинаида Максимовна;Ж;19.07.1976;588-938-095 06
Тотрова Елена Вадимовна;Ж;30.04.1954;278-029-827 82
Болысова Надежда Сергеевна;Ж;14.02.1967;852-977-181 58
Гунылина Алина Сергеевна;Ж;29.10.1982;613-689-752 91
Катугина Виктория Алексеевна;Ж;27.10.1944;709-753-120 48
Обломкова Александра Евгеньевна;Ж;21.11.1956;239-334-743 30
Котрохова Софья Егоровна;Ж;07.07.1943;747-546-065 40
Марасеева Алена Валерьевна;Ж;15.11.1978;312-070-393 01
Кастрюкова Лариса Романовна;Ж;29.11.1990;921-700-104 03
Бербенцева Кира Игоревна;Ж;15.10.2006;166-157-311 62
Добрушкина Наталия Яковлевна;Ж;18.10.1966;299-937-156 82
Калтагова Катерина Максимовна;Ж;28.09.1984;680-813-453 06
Шкудина Карина Егоровна;Ж;26.01.1959;780-724-960 37
Деордеева Ксения Романовна;Ж;23.10.1947;804-638-853 77
Филекина Алена Олеговна;Ж;28.11.1951;073-676-491 72
Крыльцова Валентина Валерьевна;Ж;10.10.2008;471-704-869 12
Солоусова Кира Дмитриевна;Ж;04.11.1964;388-618-555 83
Маймакова Клавдия Яковлевна;Ж;21.11.1956;198-590-443 29
Голукова Ксения Вадимовна;Ж;16.01.1952;999-398-337 10
Ючина Зинаида Евгеньевна;Ж;01.06.2000;182-294-217 18
Заируднова Светлана Аркадьевна;Ж;29.10.1962;170-565-506 20
Бовалкина Юлия Егоровна;Ж;08.04.2001;104-848-460 27
Пучнина Наталия Евгеньевна;Ж;07.08.1991;939-536-300 53
Куратева Тамара Михайловна;Ж;03.12.1996;234-027-400 16
Чибаина Инна Эдуардовна;Ж;06.03.1995;955-037-361 98
Ильиных Софья Андреевна;Ж;13.05.1994;865-496-820 41
Халиулова Наталия Аркадьевна;Ж;25.01.1966;491-731-033 47
Федоршина Кристина Евгеньевна;Ж;23.10.1947;782-384-419 63
Росткова Анастасия Викторовна;Ж;30.01.1948;199-260-961 42
Пыталова Юлия Борисовна;Ж;18.11.1977;571-034-747 46
Бузакова Ирина Кирилловна;Ж;26.05.1999;993-457-503 11
Хуртакова Маргарита Никитична;Ж;29.03.1983;266-934-727 81
Посметьева Валерия Игоревна;Ж;08.05.1976;082-109-141 49
Нурадинова Алена Игоревна;Ж;14.04.2004;246-656-059 77
Панженская Кристина Василевна;Ж;15.01.1984;673-016-758 76
Рукавцова Мария Аркадьевна;Ж;15.10.1959;596-003-220 00
Шавочкина Ксения Андреевна;Ж;25.02.1988;694-355-181 14
Седокова Елена Сергеевна;Ж;23.10.1945;624-563-175 36
Теканова Анна Андреевна;Ж;31.03.1988;612-654-190 100
Шапкина Виктория Василевна;Ж;23.11.1974;943-822-446 32
Наюнова Оксана Евгеньевна;Ж;22.10.1982;476-617-476 91
Худоносова Ирина Романовна;Ж;13.09.1971;148-440-548 48
Ваисова Алена Борисовна;Ж;02.01.1982;031-350-026 39
Костионова Евгения Эдуардовна;Ж;27.02.1993;029-899-910 77
Яина Лариса Федоровна;Ж;26.10.1945;466-386-775 24
Агаркова Софья Егоровна;Ж;03.06.1999;123-674-208 18
Фунина Лариса Игоревна;Ж;04.09.1977;186-929-677 53
Селянкина Елизавета Романовна;Ж;05.11.2006;941-069-121 58
Гуртавцева Инна Кирилловна;Ж;17.11.1949;873-525-240 60
Машляева Дарья Ивановна;Ж;27.11.1989;710-085-523 89
Жерядина Тамара Петровна;Ж;08.09.1991;168-928-339 03
Мурысова Раиса Эдуардовна;Ж;20.03.1987;772-651-604 91
Чудородова Кира Алексеевна;Ж;04.09.1946;375-532-796 05
Борехова София Алексеевна;Ж;29.11.1961;480-982-382 54
Фетодотова Александра Евгеньевна;Ж;29.05.1979;990-304-722 74
Глыжина Александра Андреевна;Ж;06.04.1950;518-019-639 81
Копытцына Клара Аркадьевна;Ж;09.01.1976;706-265-346 37
Бачинина Вера Петровна;Ж;17.04.1961;290-570-691 40
Бузылькова Надежда Николаевна;Ж;20.01.1944;974-256-940 36
Тягилева Елизавета Леонидовна;Ж;29.05.1982;494-538-679 53
Попкова Светлана Никитична;Ж;22.01.1964;281-135-602 54
Крепачева Карина Евгеньевна;Ж;07.10.2008;601-323-951 98
Леснухина Клара Николаевна;Ж;24.06.1953;022-246-857 83
Матухова Валентина Эдуардовна;Ж;22.08.1967;898-853-418 73
Бугубова Зинаида Яковлевна;Ж;25.04.1998;195-436-035 98
Почевалова Алина Вадимовна;Ж;22.01.1974;760-470-345 01
Дежкина Зинаида Игоревна;Ж;10.11.1991;776-766-007 27
Кочетнова Ирина Романовна;Ж;21.09.2005;011-382-402 39
Гузиникина Раиса Вадимовна;Ж;04.03.1997;129-450-462 99
Мишахина Ольга Сергеевна;Ж;03.04.1990;701-603-425 71
Узловская Елена Михайловна;Ж;23.09.1946;862-412-605 74
Кичулкина Людмила Сергеевна;Ж;26.03.2007;998-986-691 38
Михалутина Лариса Дмитриевна;Ж;27.12.1972;450-575-642 30
Шныпаркова Софья Леонидовна;Ж;11.02.1991;463-804-879 31
Канкаева Наталия Леонидовна;Ж;15.10.1958;287-572-739 09
Трушицина Валентина Вадимовна;Ж;08.03.1999;051-281-117 73
Мищанина Ольга Евгеньевна;Ж;13.05.1984;901-203-555 92
Санчилова Кира Алексеевна;Ж;01.10.1968;941-676-855 08
Лопацкая Алена Игоревна;Ж;25.08.1987;618-376-428 73
Гаврюкина Алена Богдановна;Ж;26.01.1977;788-072-319 37
Хлопиекова Раиса Борисовна;Ж;30.04.1981;083-625-730 94
Лечкина Ева Яковлевна;Ж;08.06.1949;743-793-791 96
Трухова Елизавета Сергеевна;Ж;15.07.1983;813-323-696 75
Белитова Екатерина Богдановна;Ж;10.07.1987;339-038-403 78
Мурушина Александра Романовна;Ж;18.02.1994;458-537-713 34
Обносова Лариса Ивановна;Ж;09.08.1967;056-077-596 17
Шпиртова Вера Аркадьевна;Ж;13.09.1982;448-980-127 33
Игнотова Надежда Богдановна;Ж;22.05.1981;645-368-259 00
Мишульская Евгения Викторовна;Ж;23.07.1978;265-752-762 51
Швилова Валерия Максимовна;Ж;23.12.1944;918-665-179 11
Царукова Евгения Ивановна;Ж;17.06.1945;000-140-974 22
Колюканова Карина Федоровна;Ж;17.12.1968;597-069-434 51
Иллювиева Софья Федоровна;Ж;22.10.1971;964-445-350 88
Сонева Алиса Алексеевна;Ж;09.04.1945;359-857-633 74
Сидорская Катерина Эдуардовна;Ж;07.03.1959;091-076-454 33
Заруева Полина Андреевна;Ж;31.05.1984;827-445-377 84
Цынкова Анна Олеговна;Ж;01.12.2006;255-055-765 68
Мимерова Дарья Максимовна;Ж;29.07.1980;683-255-452 12
Атосина Ольга Федоровна;Ж;23.05.1944;022-162-243 55
Бабылькова Карина Евгеньевна;Ж;01.11.1980;302-606-654 27
Раптанова Ирина Евгеньевна;Ж;09.08.1980;062-060-182 64
Сесекина Юлия Аркадьевна;Ж;07.08.1964;146-367-722 30
Сихарева Валерия Василевна;Ж;06.04.2008;590-659-519 98
Ребячих Любовь Никитична;Ж;14.10.1966;876-922-618 61
Шноберова Клавдия Викторовна;Ж;21.05.1950;214-392-997 44
Смазина Александра Максимовна;Ж;25.12.1959;047-694-341 17
Скрхинская Софья Романовна;Ж;05.12.1963;773-769-682 17
Камалова Клара Михайловна;Ж;14.12.1991;062-647-991 00
Флиская Марина Романовна;Ж;31.07.1969;141-547-934 63
Белялова Лариса Сергеевна;Ж;21.09.1981;440-352-811 63
Пояркина Тамара Егоровна;Ж;21.10.1999;472-999-577 75
Писарская Юлия Дмитриевна;Ж;23.05.1994;401-943-170 75
Троянская Алёна Василевна;Ж;11.08.1970;524-494-717 71
Меретукова Мария Евгеньевна;Ж;04.12.1948;415-242-693 44
Батыршина Елена Федоровна;Ж;31.05.1964;939-657-344 60
Стуйницкая Кристина Михайловна;Ж;16.01.1952;062-521-507 83
Ваньшина София Никитична;Ж;04.03.1948;159-955-336 69
Сучилина Виктория Леонидовна;Ж;18.05.1958;051-705-258 37
Алдахова Клавдия Леонидовна;Ж;21.09.1972;040-977-519 96
Преснякова Светлана Богдановна;Ж;27.08.1966;839-397-750 70
Курчавова Лариса Викторовна;Ж;06.03.1970;387-489-648 50
Четенова Алиса Яковлевна;Ж;11.03.1988;671-245-433 90
Шекина Маргарита Василевна;Ж;06.02.1948;228-518-688 36
Ткачишина Клавдия Романовна;Ж;29.11.2005;736-793-471 56
Бедонина Людмила Дмитриевна;Ж;12.07.1952;223-316-135 71
Шкварикова Ольга Олеговна;Ж;27.09.1984;428-791-803 31
Грина Кристина Алексеевна;Ж;03.02.1946;965-702-300 11
Кривохина Катерина Богдановна;Ж;06.12.1978;956-738-530 19
Шмутина Наталья Петровна;Ж;08.03.1959;336-786-043 23
Дальнева Анастасия Сергеевна;Ж;03.12.1982;006-961-937 92
Гадалкина Мария Федоровна;Ж;20.03.1989;812-099-333 21
Колопутина Полина Михайловна;Ж;10.04.1943;645-542-217 96
Тулянцова Зинаида Яковлевна;Ж;27.04.1960;054-070-390 80
Сунитулина Яна Максимовна;Ж;31.05.1979;860-821-851 10
Мысликова Евгения Егоровна;Ж;05.08.1984;977-460-413 78
Ролашина Анастасия Викторовна;Ж;20.06.1998;630-348-295 68
Шнахова Алена Кирилловна;Ж;22.08.1949;192-052-011 90
Кашатова Евгения Петровна;Ж;25.02.2006;631-540-793 48
Рожакова Маргарита Алексеевна;Ж;13.10.1950;332-527-526 30
Болобанова Кира Эдуардовна;Ж;26.11.1944;495-974-204 12
Агриева Александра Максимовна;Ж;26.05.2002;448-217-319 35
Сукова Екатерина Николаевна;Ж;16.07.1959;492-632-310 26
Эюбова Оксана Кирилловна;Ж;01.03.1975;760-419-973 90
Райчева Алла Аркадьевна;Ж;30.10.1962;207-587-628 04
Славунова Дарья Максимовна;Ж;17.07.1944;670-164-331 56
Надоршина Виолетта Романовна;Ж;10.06.1967;927-052-265 09
Крамбалева Жанна Евгеньевна;Ж;15.12.1978;777-596-034 35
Велицина Наталья Дмитриевна;Ж;20.07.1971;185-603-261 71
Юнгерова Алла Федоровна;Ж;13.01.1956;142-236-863 48
Гольдева Вероника Кирилловна;Ж;05.10.1998;694-646-967 47
Музоверова Алиса Романовна;Ж;24.11.1968;679-276-941 71
Прыжкова Дарья Василевна;Ж;11.03.1959;425-753-852 51
Шкатенкова Мария Кирилловна;Ж;08.11.1993;542-805-764 59
Хайнацкая Валентина Сергеевна;Ж;27.08.2006;336-858-000 52
Елиферова Клавдия Андреевна;Ж;10.03.1956;204-395-773 82
Абаплова София Егоровна;Ж;14.03.1943;960-227-425 01
Кожокина Инна Василевна;Ж;04.10.1982;036-454-588 12
Фонаскова Надежда Егоровна;Ж;18.01.1983;824-263-525 09
Игунова Екатерина Петровна;Ж;10.07.1961;672-968-138 88
Халафова Ирина Андреевна;Ж;18.10.1953;759-435-772 70
Июньская Ксения Игоревна;Ж;17.02.1953;151-510-548 16
Агафианова София Викторовна;Ж;25.07.1984;278-312-499 98
Клюхина Клавдия Валерьевна;Ж;03.09.1973;216-407-911 92
Аюпова Раиса Романовна;Ж;02.09.1947;746-083-926 67
Михончева Ева Вадимовна;Ж;06.04.1980;149-180-866 85
Колоярская Вероника Романовна;Ж;08.12.1978;486-827-027 34
Заслонкина Алла Яковлевна;Ж;24.10.1958;452-934-744 56
Гртнькина Алла Борисовна;Ж;24.03.1991;585-697-091 68
Пянькина Вера Вадимовна;Ж;10.03.1994;717-623-156 16
Яшутенкова Ольга Борисовна;Ж;28.07.1977;077-083-468 86
Монцева Кристина Ивановна;Ж;17.12.1944;295-677-492 01
Понотарева Лариса Михайловна;Ж;16.01.1954;180-503-574 20
Кивкова Кира Дмитриевна;Ж;17.10.1950;538-407-569 05
Дарченкова Евгения Борисовна;Ж;04.10.1970;004-105-981 22
Кнотикова Виктория Борисовна;Ж;18.12.1982;469-884-143 39
Пентелина Любовь Игоревна;Ж;09.03.1949;057-149-450 07
Малинтьева Зинаида Алексеевна;Ж;11.06.1982;764-540-436 10
Майзелева Инна Кирилловна;Ж;06.01.1973;249-106-326 96
Левшинская Кира Эдуардовна;Ж;01.01.1997;407-126-404 63
Бузина Надежда Николаевна;Ж;24.05.1978;359-384-266 73
Евтищина Ольга Федоровна;Ж;25.06.1945;001-108-493 21
Маргенева Анна Евгеньевна;Ж;06.02.1993;804-104-236 66
Бальдясова Кристина Петровна;Ж;25.06.1965;046-933-781 62
Желобкова Юлия Борисовна;Ж;21.08.1973;864-435-290 11
Блиндшова Алёна Василевна;Ж;26.11.1954;572-940-089 71
Арселова Светлана Викторовна;Ж;15.08.1956;262-400-044 23
Курасова Яна Аркадьевна;Ж;20.04.1963;828-221-458 37
Хрипункова Жанна Евгеньевна;Ж;20.01.1974;194-155-491 36
Багорина Валерия Федоровна;Ж;13.04.1995;676-561-856 92
Карепова Зинаида Егоровна;Ж;26.06.1999;099-831-124 82
Молекова Екатерина Федоровна;Ж;08.08.1976;183-141-833 96
Елеубаева Клавдия Игоревна;Ж;21.07.1973;165-054-972 57
Якина Жанна Аркадьевна;Ж;08.09.1957;384-831-834 40
Манакина Любовь Вадимовна;Ж;14.10.1960;346-191-505 94
Клирова Любовь Вадимовна;Ж;19.02.2000;484-371-707 34
Крючихина Кира Борисовна;Ж;15.05.1943;383-660-100 02
Оборенкова Галина Михайловна;Ж;31.01.1960;230-109-515 85
Бруская Инна Федоровна;Ж;30.04.1967;774-551-990 64
Орудхоева Елизавета Петровна;Ж;04.07.1968;956-742-790 61
Барбулева Галина Романовна;Ж;22.11.1983;298-272-062 91
Рязузова Раиса Алексеевна;Ж;16.05.1959;136-526-021 34
Шакаева Валентина Петровна;Ж;10.02.1950;402-125-326 74
Устьянцева Кира Василевна;Ж;18.12.1957;978-719-557 20
Шеримова Евгения Евгеньевна;Ж;27.08.1985;487-759-450 53
Нуреева Дарья Яковлевна;Ж;06.06.1961;638-324-833 24
Тименцова Лариса Богдановна;Ж;08.10.2008;793-647-304 06
Чукалкина Полина Валерьевна;Ж;02.05.1970;935-130-940 73
Стуканова Кира Василевна;Ж;26.11.1986;350-931-554 20
Бедзилова Елена Михайловна;Ж;17.04.2003;465-434-618 47
Скитаева Екатерина Федоровна;Ж;01.05.2003;222-384-485 72
Маневетова Ольга Викторовна;Ж;14.01.1957;771-584-975 28
Кашнева Полина Дмитриевна;Ж;09.03.1990;983-301-746 23
Коняфиева Анастасия Петровна;Ж;30.10.1970;841-798-417 85
Докучинова Алина Андреевна;Ж;14.04.1963;956-429-638 01
Абдулхаева Кира Борисовна;Ж;19.06.1967;592-931-503 76
Халова Лиза Борисовна;Ж;01.11.2000;531-730-816 13
Саплевская Зинаида Яковлевна;Ж;29.11.2001;151-901-238 00
Немонтова Евгения Игоревна;Ж;01.12.1948;288-497-154 66
Талынина Виолетта Михайловна;Ж;20.11.1977;069-786-502 29
Шебунова София Сергеевна;Ж;22.04.1945;588-780-408 50
Шпакунова Оксана Федоровна;Ж;10.10.1953;713-026-958 89
Бороничева Алена Егоровна;Ж;30.10.1969;977-658-562 85
Тхамопова Ксения Богдановна;Ж;10.04.1974;592-706-341 83
Ведрышкина Ирина Яковлевна;Ж;21.08.1958;553-758-936 19
Жубанова Мария Алексеевна;Ж;23.04.1971;069-555-526 58
Кочетова Зинаида Дмитриевна;Ж;18.10.1988;020-706-298 75
Балбаева Вера Ивановна;Ж;26.04.1970;140-221-186 92
Мортвичева Марина Леонидовна;Ж;01.02.1952;262-231-883 38
Куксинова Лиза Валерьевна;Ж;22.09.1977;359-445-109 25
Опамелкова София Романовна;Ж;26.08.2004;346-112-625 82
Одноволова Мария Викторовна;Ж;26.02.2008;257-975-277 17
Сасонкина Алёна Кирилловна;Ж;22.07.1971;327-630-872 38
Татарнова Анна Романовна;Ж;01.04.1945;227-092-327 17
Епанчинова Вера Ивановна;Ж;03.06.1962;166-068-093 44
Кабанкина Ксения Романовна;Ж;15.08.1982;497-867-230 14
Вологжина Анна Вадимовна;Ж;27.11.2006;730-880-968 27
Базовкина Анастасия Викторовна;Ж;25.10.1988;410-967-997 81
Телькина Карина Дмитриевна;Ж;22.05.1947;974-436-012 46
Топырина Александра Василевна;Ж;21.07.1971;491-853-963 88
Гнедашева Виолетта Сергеевна;Ж;14.12.1949;575-014-513 55
Купорева Клара Викторовна;Ж;21.04.1990;168-040-323 40
Лихарова Любовь Петровна;Ж;15.02.1990;678-685-342 44
Хайрулова Катерина Олеговна;Ж;18.01.1959;523-404-132 26
Вялоухина Карина Борисовна;Ж;20.06.1991;196-565-635 70
Опойцева Ксения Кирилловна;Ж;03.03.1973;253-084-524 04
Самкова Анна Кирилловна;Ж;14.05.1986;018-309-275 45
Шуняева Любовь Федоровна;Ж;07.08.1949;740-144-076 06
Сыникова Евгения Петровна;Ж;27.03.1945;432-018-824 12
Початкина Ксения Романовна;Ж;15.07.1951;834-238-172 09
Тотошкина Людмила Николаевна;Ж;10.03.1985;506-364-641 05
Иванькина Светлана Богдановна;Ж;13.07.1989;643-962-066 42
Грыдина Виолетта Валерьевна;Ж;03.07.1982;062-080-179 42
Грудкова Анна Аркадьевна;Ж;04.10.1987;632-892-216 18
Полбина Лариса Олеговна;Ж;23.08.1956;876-390-169 75
Шевырева Лиза Николаевна;Ж;14.04.1982;033-560-080 55
Фалова Дарья Алексеевна;Ж;12.06.2007;404-924-616 29
Масева Клара Михайловна;Ж;01.08.1993;289-070-362 95
Темпова Анастасия Ивановна;Ж;21.06.1980;666-970-444 41
Ахмаднева Тамара Олеговна;Ж;04.08.1944;264-155-484 54
Кабасина Наталья Сергеевна;Ж;04.04.2002;706-342-815 13
Намикова Виктория Кирилловна;Ж;07.08.1977;522-585-164 34
Гренупова Екатерина Никитична;Ж;04.07.1959;457-601-056 87
Винопалова Валерия Дмитриевна;Ж;23.06.1945;122-650-494 39
Желакова Екатерина Михайловна;Ж;07.10.1995;974-070-960 16
Андреяшина Вера Романовна;Ж;09.12.1990;085-358-754 87
Кашпикова Елизавета Кирилловна;Ж;25.10.1992;157-153-608 28
Заримова Мария Богдановна;Ж;29.12.1953;680-139-391 34
Муккурова Надежда Василевна;Ж;18.07.1999;766-117-583 53
Крончина Александра Вадимовна;Ж;20.04.1970;302-429-766 91
Чуренкова Анастасия Николаевна;Ж;17.05.2005;021-771-810 72
Нибусина Юлия Борисовна;Ж;13.02.1951;223-286-643 40
Тебелева Елена Евгеньевна;Ж;12.03.2001;364-189-216 35
Тавгазова Галина Сергеевна;Ж;13.02.1980;640-071-522 49
Самокова Елизавета Вадимовна;Ж;20.05.1967;288-026-104 48
Волжанкина Софья Кирилловна;Ж;07.10.1979;790-651-360 78
Бережкова Дарья Сергеевна;Ж;14.09.1970;508-892-322 04
Обжигина Виктория Андреевна;Ж;27.09.1997;431-101-191 34
Панифидина Яна Эдуардовна;Ж;24.08.1980;524-911-365 19
Голиорина Елизавета Василевна;Ж;12.01.1996;367-569-421 25
Пырсина Ева Николаевна;Ж;19.10.1980;058-530-641 81
Мохачева Инна Егоровна;Ж;14.12.1975;127-493-911 21
Копачкова Валерия Евгеньевна;Ж;12.05.1955;566-286-980 94
Неприна Карина Кирилловна;Ж;19.02.1962;580-117-404 60
Сечкина Евгения Вадимовна;Ж;15.10.1962;171-040-351 29
Златова Лиза Егоровна;Ж;16.05.1952;689-954-492 98
Бурлаева Екатерина Романовна;Ж;11.12.1967;432-486-257 69
Керзина Оксана Олеговна;Ж;20.09.1950;488-252-932 29
Паленова Софья Романовна;Ж;16.06.1982;624-335-220 27
Ахремкина Оксана Егоровна;Ж;14.09.1984;430-486-185 62
Конопацкая Елена Михайловна;Ж;31.07.1947;594-456-092 37
Гамчина Мария Сергеевна;Ж;30.12.2002;587-428-645 77
Невлеянова Виктория Ивановна;Ж;15.07.1977;946-461-491 33
Ротницкая Мария Валерьевна;Ж;31.12.1994;696-364-946 05
